{"schemaVersion":"1.0","appDefinitionTemplate":{"id":"/providers/Microsoft.PowerApps/apps/","type":"Microsoft.PowerApps/apps","tags":{"primaryDeviceWidth":"1366","primaryDeviceHeight":"768","supportsPortrait":"true","supportsLandscape":"true","primaryFormFactor":"Tablet","showStatusBar":"false","publisherVersion":"3.25041.10","minimumRequiredApiVersion":"2.2.0","hasComponent":"false","hasUnlockedComponent":"false","isUnifiedRootApp":"false","sienaVersion":"20250421T145626Z-3.25041.10.0"},"properties":{"appVersion":"2025-04-21T14:56:26Z","lifeCycleId":"Published","createdByClientVersion":{"major":3,"minor":25041,"build":10,"revision":0,"majorRevision":0,"minorRevision":0},"minClientVersion":{"major":3,"minor":25041,"build":10,"revision":0,"majorRevision":0,"minorRevision":0},"backgroundColor":"RGBA(0,176,240,1)","backgroundImageUri":"/6090224398636402573/N07879508-dd1b-4b2a-b575-e3f7322099f9-logoSmallFile","displayName":"Employee Database Application","description":"","commitMessage":"","appUris":{"documentUri":{"value":"/6090224398636402573/N66b228ca-fb5b-4c22-8df6-dbf71ff6dd0d-document.msapp"},"imageUris":[],"additionalUris":[{"isSolutionAware":false,"value":"/6090224398636402573/N1c697ff0-6fb7-42d3-bdac-0a5c33b08a75-identity.json"}]},"createdTime":"0001-01-01T00:00:00Z","lastModifiedTime":"0001-01-01T00:00:00Z","sharedGroupsCount":0,"sharedUsersCount":0,"connectionReferences":{"e398ca27-173e-4fa4-81bb-7c10911e8b38":{"id":"78eb9a58-64f2-42d8-b5c0-309cce5ce372","displayName":"SharePoint","iconUri":"https://conn-afd-prod-endpoint-bmc9bqahasf3grgk.b01.azurefd.net/releases/v1.0.1746/1.0.1746.4174/sharepointonline/icon.png","dataSources":["Employee Database"],"dependencies":[],"dependents":[],"parameterHints":{},"parameterHintsV2":{},"isOnPremiseConnection":false,"bypassConsent":false,"dataSets":{"https://twintt.sharepoint.com/sites/LeaveApp":{"dataSources":{"Employee Database":{"tableName":"13dd2875-08ff-412f-b505-4e5b390e188d"}}}},"apiTier":"Standard","isCustomApiConnection":false,"actions":["providers/PowerPlatform.Governance/Operations/Read"]}},"databaseReferences":{},"almMode":"Environment","performanceOptimizationEnabled":true,"canConsumeAppPass":true,"enableModernRuntimeMode":false,"executionRestrictions":{"isTeamsOnly":false,"dataLossPreventionEvaluationResult":{"status":"Compliant","lastEvaluationDate":"2025-04-21T14:56:30.5656267Z","violations":[],"violationsByPolicy":[],"violationErrorMessage":"The app uses the following connectors: shared_sharepointonline."}}},"isAppComponentLibrary":false,"appType":"ClassicCanvasApp","appComponents":[]}}